Time,Temperature,Gas,Humidity,Pressure,Altitude,PM1.0,PM2.5,PM10
1708733595.5775023,28.902460937500003,43124,100,690.817393097857,3116.3869722155296,0,0,0
1708733596.5880802,17.9735546875,9410,37.10922720261808,1006.2463637717245,58.473915212230466,0,0,0
1708733597.5985053,18.0110546875,10801,37.056513275697384,1006.2472830830823,58.46621821337024,0,0,0
1708733598.6088867,18.0503125,12323,36.964497622600085,1006.2372914710178,58.54987399193517,0,0,0
1708733599.6195085,18.0883984375,13658,36.86113590315266,1006.2374315833143,58.54870088296612,0,0,0
1708733600.6311138,18.1216015625,14797,36.73481663165468,1006.2399323020022,58.52776330308668,0,0,0
1708733601.6426687,18.1512890625,15934,36.64201655008128,1006.2384170071196,58.540450293916955,0,0,0
1708733602.6532521,18.177265625,16885,36.53764658210539,1006.2308462778396,58.60383737797391,0,0,0
1708733603.6637533,18.2003125,17850,36.4611665858763,1006.2391570269643,58.53425438576802,0,0,0
1708733604.6742933,18.21984375,18661,36.38999551616607,1006.2503429051133,58.4405996796968,0,0,0
1708733605.68599,18.2368359375,19423,36.33546119623813,1006.2625534035674,58.33836721623502,0,0,0
1708733606.6965706,18.253046875,20132,36.297719968321026,1006.2614353524025,58.34772806379987,0,0,0
1708733607.708301,18.267890625,20875,36.30479248632769,1006.2666969974345,58.30367518273803,0,0,0
1708733608.7200272,18.279609375,21607,36.30594091762548,1006.2703065932798,58.273454115382734,0,0,0
1708733609.7314396,18.2895703125,22369,36.301298702184354,1006.2762158304196,58.223979665230864,0,0,0
1708733610.7427561,18.295625,23034,36.28503763434079,1006.277477675641,58.2134150327941,0,0,0
1708733611.753959,18.3005078125,23789,36.20127062920095,1006.2596073693613,58.36303281140598,0,0,0
1708733612.7654355,18.3020703125,24585,36.10038985069713,1006.2552664972192,58.39937675765862,0,0,0
1708733613.776896,18.3028515625,25160,36.02193046254727,1006.2651509632034,58.316619263891994,0,0,0
1708733614.7885227,18.301484375,25528,35.94330234376177,1006.2698102816238,58.27760944186313,0,0,0
1708733615.8000703,18.2973828125,26019,35.84764348343026,1006.2682890205062,58.290346079536484,0,0,0
1708733616.8114338,18.2911328125,26563,35.76863354224299,1006.2598204449118,58.361248839908,0,0,0
1708733617.8227515,18.284296875,27113,35.67841832060089,1006.2417860811807,58.51224233232935,0,0,0
1708733618.8341434,18.277265625,27468,35.610609658516566,1006.2182672639032,58.709157942011245,0,0,0
1708733619.8454373,18.271015625,28076,35.59882158663304,1006.1908564111421,58.93866503525179,0,0,0
1708733620.856886,18.2628125,28593,35.59243837248196,1006.1602615482003,59.19483736255346,0,0,0
1708733621.8682022,18.2544140625,29190,35.60840551319594,1006.1310707503441,59.439259261973184,0,0,0
1708733622.8794808,18.2440625,29707,35.6074072278295,1006.0866423934624,59.811280099580145,0,0,0
1708733623.8907719,18.2337109375,30309,35.65115430438857,1006.0628782675234,60.0102744638761,0,0,0
1708733624.902125,18.2184765625,31235,35.66646628161322,1006.0414854133387,60.18941569500515,0,0,0
1708733625.9134943,18.203046875,31779,35.64260153648058,1006.0059993042219,60.486578978107005,0,0,0
1708733626.9248424,18.1909375,32194,35.63584017771141,1005.9828140779441,60.68073834947473,0,0,0
1708733627.9361553,18.177265625,32748,35.65689469960671,1005.9536382512811,60.92506978135869,0,0,0
1708733628.9474533,18.164765625,33188,35.68925361340423,1005.9229297729106,61.182242522636976,0,0,0
1708733629.9587522,18.1512890625,33859,35.71592815996944,1005.8923515308333,61.43833089717412,0,0,0
1708733630.9701676,18.1368359375,34415,35.74251199617656,1005.8653468161663,61.664496735717755,0,0,0
1708733631.9817793,18.12296875,35018,35.75236493575571,1005.8341326791129,61.92592282347722,0,0,0
1708733632.9933755,18.1059765625,35523,35.74512624452652,1005.7995464559975,62.21559863465352,0,0,0
1708733634.0050175,18.090546875,36042,35.72125257429432,1005.7795586389359,62.38300963788715,0,0,0
1708733635.0165434,18.0751171875,36577,35.71976276786273,1005.763013722596,62.52158614002958,0,0,0
1708733636.0280266,18.0591015625,37326,35.67346393843343,1005.748956291298,62.639329476716235,0,0,0
1708733637.0396302,18.043671875,37900,35.616055744759805,1005.7341321720828,62.76349594177943,0,0,0
1708733638.0511904,18.0286328125,38421,35.575477006676024,1005.7182231107884,62.8967515040878,0,0,0
1708733639.062845,18.01359375,39102,35.5404990621077,1005.6833791199222,63.188613504856704,0,0,0
1708733640.0744092,17.99875,39619,35.51672323832436,1005.6488541529435,63.47781135741136,0,0,0
1708733641.0859964,17.98390625,39997,35.487366571462445,1005.6126085691762,63.78143058007132,0,0,0
1708733642.0975637,17.9688671875,40460,35.45241398165264,1005.5760453324594,64.08771967141672,0,0,0
1708733643.109097,17.955,40775,35.44550059616899,1005.5362294951266,64.42126595308204,0,0,0
1708733644.1204433,17.940546875,41379,35.455283376114096,1005.5075073913664,64.66188415723391,0,0,0
1708733645.131788,17.927265625,41917,35.4372593335493,1005.4824168848104,64.87208336433898,0,0,0
1708733646.1434221,17.9153515625,42469,35.408204406227476,1005.4423445126288,65.20780404207466,0,0,0
1708733647.1547394,17.903046875,42772,35.37911888684647,1005.4050783984032,65.52002400945567,0,0,0
1708733648.1660802,17.8895703125,43347,35.36666858131327,1005.3572981299523,65.92034652917907,0,0,0
1708733649.1773477,17.878046875,43709,35.354406629477204,1005.3178651838923,66.25074339066526,0,0,0
1708733650.1886513,17.8673046875,44310,35.35895979742748,1005.2865900492824,66.51279585158746,0,0,0
1708733651.2001376,17.8571484375,44831,35.335671411811504,1005.2511077189961,66.81010814360937,0,0,0
1708733652.2114625,17.8477734375,45414,35.32919714381509,1005.2151784252083,67.11117427498569,0,0,0
1708733653.222751,17.8383984375,45911,35.289256935694816,1005.1895748641755,67.32572221873039,0,0,0
1708733654.234367,17.826484375,46420,35.210062870186995,1005.168437891435,67.50284521360452,0,0,0
1708733655.245995,17.813203125,47229,35.10850107658765,1005.1588391956592,67.58328108350469,0,0,0
1708733656.2575457,17.7977734375,48124,35.001242450145206,1005.1474595368821,67.67864200632522,0,0,0
1708733657.2691174,17.782734375,48263,34.882979116654475,1005.1470401185635,67.68215672577047,0,0,0
1708733658.2806704,17.7684765625,48969,34.776002945728834,1005.1478929627822,67.67500990479824,0,0,0
1708733659.2923,17.753046875,49402,34.67455152631964,1005.1416731207435,67.72713219472139,0,0,0
1708733660.3039486,17.738984375,49636,34.56775262158325,1005.1359601814447,67.77500686866976,0,0,0
1708733661.3154507,17.7266796875,50081,34.50556924658403,1005.1296704350054,67.8277154657735,0,0,0
1708733662.3270564,17.71671875,50322,34.427000213395964,1005.1237591244753,67.87725298199976,0,0,0
1708733663.3385844,17.7087109375,50688,34.45951982856616,1005.1244718075749,67.87128059662874,0,0,0
1708733664.3502016,17.687421875,51027,34.49634998323402,1005.1207421341255,67.90253582665645,0,0,0
1708733665.3617456,17.664375,51784,34.49419481645085,1005.1158659977463,67.94339873183134,0,0,0
1708733666.3732781,17.6378125,52400,34.47507519110856,1005.1190200273688,67.91696737455104,0,0,0
1708733667.3846376,17.608515625,53165,34.38364810815777,1005.1211540358865,67.89908402272344,0,0,0
1708733668.3961666,17.572578125,53608,34.263982741198454,1005.1210599378651,67.8998725793888,0,0,0
1708733669.4077423,17.53625,54092,34.210790009335106,1005.1151632134247,67.94928820484341,0,0,0
1708733670.4191146,17.5032421875,54836,34.43479541338262,1005.1284337368432,67.83807913041339,0,0,0
1708733671.4304721,17.48546875,55307,34.24482179195495,1005.1562157210557,67.60526558073646,0,0,0
1708733672.4418223,17.4723828125,55490,34.34881066682165,1005.1727186997699,67.46697277577883,0,0,0
1708733673.4533956,17.464765625,55972,34.564275319996156,1005.1929770877994,67.2972126450544,0,0,0
1708733674.4648602,17.4626171875,56615,34.397760278267015,1005.2015131789648,67.22568320527245,0,0,0
1708733675.4762323,17.447578125,57001,34.534937429720266,1005.2027901493593,67.21498268506912,0,0,0
1708733676.4875813,17.4286328125,57352,34.25061814114491,1005.2114550025434,67.14237484258318,0,0,0
1708733677.4992082,17.4130078125,57668,34.25470350322555,1005.2083345696321,67.16852270574468,0,0,0
1708733678.5111146,17.3993359375,58270,33.60176926701938,1005.1894814065762,67.32650536539009,0,0,0
1708733679.5226843,17.37453125,58719,33.52789088587549,1005.181709249418,67.39163391822517,0,0,0
1708733680.533805,17.33234375,58967,33.46898904202696,1005.1765414933637,67.43493852729101,0,0,0
1708733681.5453897,17.281171875,59597,33.41480660035022,1005.1618736106877,67.55785299790935,0,0,0
1708733682.5569227,17.228046875,60283,33.37147786221738,1005.1457304846908,67.69313144632939,0,0,0
1708733683.568481,17.170234375,60370,33.349740890286064,1005.1167755170688,67.93577678315745,0,0,0
1708733684.5801,17.110078125,60720,33.32230380136721,1005.0977396794327,68.09530196657433,0,0,0
1708733685.5914574,17.047578125,61523,33.316652379740745,1005.105806002452,68.02770381989167,0,0,0
1708733686.6030838,16.9692578125,61887,33.298584956787295,1005.1000768796023,68.07571550021179,0,0,0
1708733687.6146362,16.888984375,62208,33.313318545415854,1005.0945723008532,68.12184564578396,0,0,0
1708733688.626229,16.8114453125,62347,33.33929077481653,1005.0831929475157,68.21720894602684,0,0,0
1708733689.637824,16.7315625,62768,33.376044889770405,1005.0782729526868,68.25844064087983,0,0,0
1708733690.649389,16.647578125,63099,33.41243236776737,1005.0580444935589,68.42796563676909,0,0,0
1708733691.6610968,16.5712109375,63434,33.47700071895987,1005.0502205939597,68.49353472072833,0,0,0
1708733692.6725755,16.4971875,63772,33.563799652863615,1005.0461977958132,68.5272484008187,0,0,0
1708733693.684087,16.4255078125,64261,33.65084533478235,1005.0614309821209,68.39958491084836,0,0,0
1708733694.695356,16.360859375,64558,33.73856440046065,1005.0795310518904,68.24789720724256,0,0,0
1708733695.7068784,16.2938671875,65009,33.82059837416764,1005.0834822434232,68.2147845256844,0,0,0
1708733696.7182481,16.2294140625,65518,33.89187245650291,1005.0846917584303,68.20464829166636,0,0,0
1708733697.7296307,16.1649609375,65672,33.96316915507393,1005.0875990360119,68.18028414828666,0,0,0
1708733698.7409258,16.1032421875,66086,34.045768789851735,1005.0966685085721,68.10427872479247,0,0,0
1708733699.7522092,16.045625,66612,34.112222358579636,1005.1004046260337,68.0729688858473,0,0,0
1708733700.7631898,15.995039062499998,66718,34.184858939002225,1005.1087444237886,68.00307909861611,0,0,0
1708733701.7747355,15.947382812499999,66771,34.263312067511855,1005.1132772247681,67.96509318304437,0,0,0
1708733702.78632,15.896601562499999,67200,34.34703482218031,1005.1109794793931,67.98434880085134,0,0,0
1708733703.7977645,15.8501171875,67580,34.41460583400786,1005.1088268671549,68.00238820299326,0,0,0
1708733704.8092864,15.8071484375,68129,34.50464182383471,1005.1038303443171,68.04426037241602,0,0,0
1708733705.8206043,15.764570312499998,68408,34.55603051993429,1005.104610487858,68.03772255420621,0,0,0
1708733706.8319962,15.728828125,68576,34.624662785020725,1005.1096888923583,67.99516422316226,0,0,0
1708733707.8435702,15.69484375,69085,34.69901877759154,1005.1142024798243,67.95733934974027,0,0,0
1708733708.8550735,15.661835937500001,68914,34.77349530564406,1005.1254512348368,67.86307286296785,0,0,0
1708733709.8664286,15.632539062500001,69256,34.85942956485356,1005.1221770449861,67.89051104457404,0,0,0
1708733710.8780017,15.605585937499999,69659,34.93453451130908,1005.1261586555316,67.85714458536481,0,0,0
1708733711.8895705,15.580976562499998,69892,35.00988949901054,1005.125391909221,67.86357001951477,0,0,0
1708733712.9011273,15.558320312500001,69775,35.091008986032676,1005.1312435518597,67.81453259094971,0,0,0
1708733713.9126842,15.5315625,70539,35.15512757378824,1005.1201019061748,67.90790104357693,0,0,0
1708733714.9242158,15.508906249999999,70658,35.23631563291874,1005.1122308402161,67.97386211413189,0,0,0
1708733715.9354744,15.491328124999999,70898,35.284674618199766,1005.1057976022785,68.02777421557526,0,0,0
1708733716.947121,15.470234375,71381,35.338276139624284,1005.1073351212067,68.01488940691696,0,0,0
1708733717.9586337,15.443476562499999,72181,35.391363092600265,1005.1030435928718,68.05085357084951,0,0,0
1708733718.9702194,15.420234375,72119,35.52268155353078,1005.1027800746759,68.05306192839691,0,0,0
1708733719.9820952,15.404023437500001,72682,35.7550542808247,1005.1088618274317,68.00209522731211,0,0,0
1708733720.9937465,15.393281250000001,72935,35.67603604199459,1005.1461666249567,67.68947659337495,0,0,0
1708733722.0052953,15.380390625,73447,35.76396928515561,1005.1782439451312,67.42067235250168,0,0,0
1708733723.0167618,15.3676953125,73705,35.74047914481528,1005.1780664868886,67.4221594129873,0,0,0
1708733724.028488,15.345820312499999,74426,35.96146727560473,1005.1920269693218,67.30517433393608,0,0,0
1708733725.0400698,15.324140624999998,74892,36.031971519975876,1005.2234456905618,67.04189873227705,0,0,0
1708733726.0514593,15.2954296875,75364,35.878592744519,1005.2433664524704,66.87497462053582,0,0,0
1708733727.0629196,15.2649609375,76048,35.84225494490406,1005.2449817658293,66.86143937473099,0,0,0
1708733728.0742965,15.2376171875,75704,35.78393152938656,1005.2328478047367,66.9631142855299,0,0,0
1708733729.0854843,15.218671874999998,76395,35.87133402885155,1005.2344413502443,66.94976132651428,0,0,0
1708733730.0970001,15.1985546875,76256,35.83598167369181,1005.2375451289431,66.9237535651126,0,0,0
1708733731.1084888,15.18,76745,35.87325496705045,1005.2449152701505,66.86199656371086,0,0,0
1708733732.1199841,15.1684765625,77169,35.93351051495273,1005.2449274303673,66.8618946692839,0,0,0
1708733733.131399,15.159296874999999,77598,35.98285051109225,1005.250484666942,66.81532887534513,0,0,0
1708733734.1423132,15.152070312500001,77742,35.92638073828642,1005.2420971577466,66.88561047390827,0,0,0
1708733735.1541076,15.143671874999999,78324,36.01485123514967,1005.2180838273811,67.08682840747585,0,0,0
1708733736.1655877,15.1380078125,78618,36.058966201502784,1005.1608396196758,67.56651772917546,0,0,0
1708733737.177112,15.132539062500001,79063,35.89664977133896,1005.1518990856731,67.64143872445749,0,0,0
1708733738.1885252,15.1253125,79363,35.895966832407346,1005.1435121910738,67.7117207541249,0,0,0
1708733739.1998792,15.119062499999998,79213,35.90652878106191,1005.1281534867187,67.84042765826894,0,0,0
1708733740.2111814,15.1106640625,79665,35.84998152361917,1005.1229916998105,67.88368411327768,0,0,0
1708733741.2225425,15.102656249999999,79817,35.78234996175091,1005.1064730492953,68.02211379186609,0,0,0
1708733742.2340555,15.095820312499999,80045,35.87645382524052,1005.0935839220311,68.13012860080507,0,0,0
1708733743.2454019,15.085664062500001,80585,35.608130617943935,1005.106111012254,68.0251477571414,0,0,0
1708733744.256883,15.066523437499999,80430,35.52288434352356,1005.1125163744168,67.97146927443346,0,0,0
1708733745.2682157,15.05109375,81289,35.5881936751526,1005.1369812867617,67.7664499465778,0,0,0
1708733746.2796247,15.033515625,81368,35.514232472123794,1005.1322297289125,67.80626833822718,0,0,0
1708733747.2912047,15.0180859375,81845,35.501666740110956,1005.1361299815602,67.77358393331706,0,0,0
1708733748.3027372,14.997968749999998,82408,35.39417539035215,1005.1118045684638,67.97743436663988,0,0,0
1708733749.3141522,14.976679687499999,82408,35.41441537380457,1005.088989400283,68.1686323624292,0,0,0
1708733750.3256407,14.9555859375,82490,35.429117870032826,1005.0887649916298,68.17051299213082,0,0,0
1708733751.3370066,14.938203125000001,82816,35.44972554558037,1005.0843273734991,68.2077019864559,0,0,0
1708733752.3484251,14.922578125000001,83145,35.46494086825731,1005.0776234953545,68.26388338778357,0,0,0
1708733753.3598735,14.908124999999998,83145,35.569234962071036,1005.0745481392181,68.28965630521776,0,0,0
1708733754.3714023,14.8938671875,83559,35.49561175958024,1005.0666521835783,68.35582838516291,0,0,0
1708733755.382717,14.880976562499999,83727,35.588942887814625,1005.0746954751746,68.28842155979625,0,0,0
1708733756.3941205,14.866328124999999,83727,35.55976147578215,1005.0575944442118,68.43173731550976,0,0,0
1708733757.4057014,14.851484374999998,83476,35.5750576140608,1005.0538774490286,68.46288797782506,0,0,0
1708733758.417286,14.836640625000001,84658,35.67381336058219,1005.0278918509985,68.68066557359253,0,0,0
1708733759.4288597,14.82375,84232,35.8508001784603,1005.0359319297143,68.61328356961724,0,0,0
1708733760.4406636,14.8091015625,84658,35.76586823231222,1005.0154039278024,68.78532477886031,0,0,0
1708733761.4521816,14.791328125,84658,35.81989319726755,1004.9897658190645,69.0001967999238,0,0,0
1708733762.4637895,14.7747265625,85001,35.73480061910954,1004.9746077183137,69.12723835766052,0,0,0
1708733763.4754436,14.758125,85697,35.76108018036593,1004.9680126621166,69.18251266732732,0,0,0
1708733764.4871354,14.74171875,85873,35.79295055151821,1004.9857132637994,69.03416151877951,0,0,0
1708733765.4986706,14.725703124999999,85609,35.80258415127736,1005.0109010628544,68.82306279862715,0,0,0
1708733766.5102925,14.705976562499998,86583,35.817438970813726,1005.0265922979133,68.6915568625568,0,0,0
1708733767.5218828,14.686445312499998,86762,35.84902417906545,1005.0408877916548,68.57174987664872,0,0,0
1708733768.5334213,14.669453125,86943,35.88642516172234,1005.0456338275288,68.53197483270696,0,0,0
1708733769.544951,14.649335937499998,87123,35.845535623949615,1005.0589664327986,68.42023924692252,0,0,0
1708733770.5564682,14.628632812500001,86852,35.899300473003755,1005.062776225353,68.38831101873333,0,0,0
1708733771.5680263,14.6059765625,87671,35.92503077421422,1005.0514030504195,68.48362498283984,0,0,0
1708733772.5795383,14.586054687499999,87947,35.96216925856395,1005.041076547936,68.57016796631964,0,0,0
1708733773.5910103,14.5659375,87396,36.016023308774024,1005.0355660299788,68.61635007954386,0,0,0
1708733774.6022975,14.5442578125,87487,36.00840406285814,1005.0172253769767,68.77005945097861,0,0,0
1708733775.6136389,14.523554687499999,88039,35.98415406054918,1005.0141779392748,68.79559964136638,0,0,0
1708733776.625034,14.501874999999998,88039,36.02113631303894,1004.9992591934674,68.9206326701307,0,0,0
1708733777.6366303,14.48390625,88225,36.10309635767498,1004.9955457036035,68.95175541837835,0,0,0
1708733778.6481972,14.4641796875,88880,36.1291280388125,1004.9872435495969,69.02133608487826,0,0,0
1708733779.6600006,14.447187499999998,88786,36.166581834055144,1004.9782776443346,69.09648019845004,0,0,0
1708733780.6714482,14.430781249999999,88786,36.20968049795726,1004.98054046038,69.07751526851963,0,0,0
1708733781.6827393,14.4153515625,88975,36.23055002432387,1004.9758406027264,69.11690537218158,0,0,0
1708733782.6942408,14.3997265625,89164,36.27932188581321,1004.9605498922277,69.24505979012957,0,0,0
1708733783.705806,14.380781249999998,89164,36.36131183756572,1004.9535206371546,69.30397387345752,0,0,0
1708733784.717234,14.361249999999998,89545,36.420927932747,1004.9369733881365,69.44266214932986,0,0,0
1708733785.7287734,14.3430859375,90027,36.46392156288566,1004.9226621430112,69.56261118644106,0,0,0
1708733786.7401872,14.327851562500001,89930,36.45688348074554,1004.9062969501886,69.6997769860518,0,0,0
1708733787.7512844,14.3169140625,90027,36.50616372618948,1004.8952495933535,69.7923720617818,0,0,0
1708733788.762621,14.304609374999998,90221,36.54973479196325,1004.892234359289,69.81764484082765,0,0,0
1708733789.774224,14.2925,90513,36.6213131023834,1004.9066527454276,69.69679484867426,0,0,0
1708733790.7857902,14.280390624999999,90611,36.67053017304506,1004.9193585191106,69.59030055340301,0,0,0
1708733791.7973917,14.269453124999998,90906,36.72547310595238,1004.9254234940869,69.53946694280897,0,0,0
1708733792.808757,14.260078125,91303,36.814197319748615,1004.9323328419434,69.4815565204365,0,0,0
1708733793.8201606,14.244843750000001,91203,36.795932214721304,1004.9210979407286,69.575721559158,0,0,0
1708733794.8316891,14.226289062500001,91005,36.838979132419524,1004.9129864028287,69.64370873760478,0,0,0
1708733795.843224,14.2094921875,90709,36.88220456940347,1004.9214399183637,69.57285526972966,0,0,0
1708733796.8545923,14.194062500000001,90513,36.94799895573343,1004.9218616077128,69.56932087675358,0,0,0
1708733797.8662863,14.1782421875,90709,37.01378151304361,1004.9182207229214,69.59983702411668,0,0,0
1708733798.8777852,14.165742187500001,90611,37.05185201889225,1004.9183008281734,69.59916561941291,0,0,0
1708733799.8894012,14.151289062499998,90906,37.10658031279109,1004.9117621020755,69.65397030179386,0,0,0
1708733800.9009955,14.136835937499999,91303,37.127641761676585,1004.9035116921259,69.72312196590875,0,0,0
1708733801.912496,14.1235546875,91303,37.176891368312134,1004.8886232374275,69.84791225178323,0,0,0
1708733802.9249213,14.1106640625,91502,37.18687986173703,1004.8812177482415,69.90998326127554,0,0,0
1708733803.9365196,14.097382812500001,91702,37.21929543120237,1004.8748835649682,69.96307513902036,0,0,0
1708733804.9479737,14.084882812499998,91702,37.246174651424354,1004.8818036909648,69.90507201836878,0,0,0
1708733805.9594123,14.06984375,92005,37.278431058988964,1004.8777243513729,69.93926419288265,0,0,0
1708733806.9706864,14.054414062500001,92309,37.30503591656828,1004.8712941320956,69.9931611793067,0,0,0
1708733807.9821525,14.041132812499999,92513,37.32061198891623,1004.8752221995277,69.96023676392544,0,0,0
1708733808.9937184,14.0286328125,92718,37.341884988627605,1004.8855601476055,69.87358628087577,0,0,0
1708733810.0051692,14.014765624999999,92820,37.374270800410606,1004.888527343998,69.84871600482228,0,0,0
1708733811.0164585,14.001874999999998,93027,37.38426797115985,1004.8862489942287,69.8678125405732,0,0,0
1708733812.0279286,13.990937500000001,93234,37.42819054148985,1004.8905877937851,69.83144588029248,0,0,0
1708733813.0391834,13.98078125,93130,37.472200090324804,1004.887651321254,69.85605859568287,0,0,0
1708733814.0504432,13.969843749999999,93338,37.538652539475834,1004.8885677122609,69.84837764884927,0,0,0
1708733815.0620122,13.958515625,93442,37.58820617715901,1004.8854230624933,69.87473529442174,0,0,0
1708733816.0734718,13.945039062500001,93966,37.65445845485057,1004.8821827860503,69.90189452805257,0,0,0
1708733817.0848136,13.930585937499998,94177,37.69247661744801,1004.8790540252572,69.92811913108066,0,0,0
1708733818.096168,13.9173046875,94603,37.71371625505427,1004.8778425017957,69.93827387907155,0,0,0
1708733819.107555,13.903242187499998,95248,37.74051610360597,1004.8821932954611,69.90180644053284,0,0,0
1708733820.118774,13.8880078125,95248,37.76157075209748,1004.8777833443982,69.93876972483392,0,0,0
1708733821.130054,13.8735546875,95684,37.76579838286306,1004.879782390563,69.92201412314176,0,0,0
1708733822.141373,13.859492187499999,93785,37.78696951120687,1004.8824198110383,69.89990783804939,0,0,0
1708733823.1529484,13.845624999999998,94366,37.80252588329602,1004.8819553739992,69.90380064494215,0,0,0
1708733824.164227,13.83546875,94048,37.83535502235639,1004.8858542089785,69.87112153152017,0,0,0
1708733825.1754873,13.819453124999999,95466,37.87889544091627,1004.9023940521023,69.73248961669107,0,0,0
1708733826.186737,13.806562499999998,93890,37.92275145263853,1004.9137864571587,69.6370030305748,0,0,0
1708733827.1981087,13.796796874999998,94154,37.983849328962,1004.9131917928445,69.6419872475126,0,0,0
1708733828.2109904,13.785859375000001,93890,38.033566982798064,1004.915808737197,69.62005317911498,0,0,0
1708733829.2228265,13.771015625,95357,38.09985438873257,1004.9171606319834,69.608722213956,0,0,0
1708733830.234188,13.755390625,94390,38.20563563889504,1004.9206526201705,69.57945401965057,0,0,0
1708733831.2457397,13.738984375000001,94603,38.3736112548424,1004.9279943792982,69.51791913370465,0,0,0
1708733832.2570417,13.724140625,94603,38.507948111210794,1004.9259228924976,69.53528124422247,0,0,0
1708733833.268442,13.710078124999999,94496,38.65380507254754,1004.9268395027875,69.52759869632726,0,0,0
1708733834.2798934,13.693671875,94710,38.75986771910317,1004.9239179931951,69.55208528102072,0,0,0
1708733835.2912638,13.678046875,94710,38.87174942399663,1004.9291139126384,69.50853580739462,0,0,0
1708733836.3025985,13.661640625,94710,38.98930680820594,1004.9330293774958,69.47571855348771,0,0,0
1708733837.314284,13.646796875,94496,39.09005877755939,1004.9360822429406,69.45013120106893,0,0,0
1708733838.3257818,13.630781249999998,94925,39.1850697522957,1004.9457638354952,69.36898610827959,0,0,0
1708733839.3371906,13.613007812500001,95466,39.24014707763875,1004.9508558922629,69.32630790659158,0,0,0
1708733840.348468,13.592500000000001,95684,39.28359076446755,1004.9463400288644,69.36415683345034,0,0,0
1708733841.360137,13.572968750000001,95357,39.327142315710695,1004.9434216835382,69.38861651256013,0,0,0
1708733842.3716633,13.55890625,95466,39.40540217556636,1004.9340711275222,69.4669872002285,0,0,0
1708733843.38315,13.546015624999999,94260,39.46103810190427,1004.9266390412092,69.52927885991231,0,0,0
1708733844.3945444,13.5337109375,94579,39.52814337273291,1004.9184565294809,69.59786060409947,0,0,0
1708733845.4061363,13.522382812499998,95009,39.561184603370165,1004.9135822284254,69.63871478647796,0,0,0
1708733846.4176743,13.510468750000001,95442,39.54859018300651,1004.9094574452404,69.67328697509556,0,0,0
1708733847.429046,13.496992187499998,95934,39.54723330843926,1004.9044828887876,69.71498175679201,0,0,0
1708733848.4403849,13.4848828125,96209,39.54031766858387,1004.900037263845,69.75224338337122,0,0,0
1708733849.4516895,13.47296875,97045,39.51063939946277,1004.9061668152435,69.70086772678621,0,0,0
1708733850.4631252,13.463007812499999,96542,39.48685843405926,1004.9137847328736,69.63701748277515,0,0,0
1708733851.474491,13.455976562499998,96989,39.45198963292798,1004.9193627723794,69.59026490452439,0,0,0
1708733852.4858086,13.4497265625,97158,39.43997634144048,1004.9228014188665,69.5614438456583,0,0,0
1708733853.4974563,13.442109375000001,97497,39.43921151413924,1004.9291284758564,69.5084137463891,0,0,0
1708733854.5089374,13.435859375,97271,39.41581605184371,1004.9342757801182,69.46527192000835,0,0,0
1708733855.5202172,13.429609374999998,97271,39.415188886728984,1004.9377136229529,69.43645794317928,0,0,0
1708733856.531459,13.422773437499998,97668,39.40312054226,1004.940191611127,69.415688953116,0,0,0
1708733857.5426688,13.4145703125,97101,39.396606900522315,1004.9387210629964,69.42801418833417,0,0,0
1708733858.5541358,13.40578125,98125,39.39003498258154,1004.9414180072687,69.40541006173844,0,0,0
1708733859.565587,13.396601562499999,98414,39.38911459440018,1004.9400565645442,69.41682083038306,0,0,0
1708733860.5771465,13.3872265625,98704,39.36541564855831,1004.9417930619635,69.40226658807062,0,0,0
1708733861.588542,13.37921875,98645,39.35323518560739,1004.9423502335634,69.3975967262615,0,0,0
1708733862.6000965,13.3723828125,99584,39.33548509448145,1004.9465355006931,69.36251851732575,0,0,0
1708733863.6113825,13.365546875,100000,39.323424946956564,1004.9473024291988,69.35609063020166,0,0,0
1708733864.6226678,13.3567578125,99762,39.294110086133486,1004.9465791542915,69.36215264164947,0,0,0
1708733865.6341138,13.348749999999999,100239,39.27625079345142,1004.9471351640021,69.35749253603394,0,0,0
1708733866.6454391,13.339765624999998,100480,39.27535255927921,1004.9392555380617,69.42353454346919,0,0,0
1708733867.6568992,13.329609375,100843,39.26865180065915,1004.9448366999765,69.37675675467959,0,0,0
1708733868.6684735,13.320429687499999,100420,39.26773434961993,1004.9400544772709,69.41683832462606,0,0,0
1708733869.680063,13.311445312499998,100843,39.255466604828385,1004.9407185678876,69.41127232732396,0,0,0
1708733870.6914105,13.301874999999999,100601,39.277250738211826,1004.9352959722228,69.45672126143899,0,0,0
1708733871.7028067,13.290937499999998,101392,39.27615771189477,1004.9293425402681,69.50661957461003,0,0,0
1708733872.7141175,13.282148437499998,101515,39.30370825422979,1004.9320343020286,69.48405871411657,0,0,0
1708733873.7254646,13.27296875,101270,39.30847682845433,1004.9392121321154,69.42389834563306,0,0,0
1708733874.736843,13.2661328125,101331,39.347602547024344,1004.9382672618822,69.43181767472853,0,0,0
1708733875.74812,13.261640624999998,101700,39.375594159292945,1004.934326393177,69.46484771053676,0,0,0
1708733876.7594972,13.2583203125,101638,39.40939765002787,1004.9340138099631,69.46746760305393,0,0,0
1708733877.770768,13.255976562499999,102010,39.42054310554258,1004.9318833757352,69.48532369366168,0,0,0
1708733878.7820807,13.254804687499998,102384,39.45457125191926,1004.9265463323408,69.53005589701242,0,0,0
1708733879.7935815,13.2551953125,102196,39.4716860018578,1004.934021113176,69.46740639172106,0,0,0
1708733880.8048954,13.258515625000001,103140,39.48340384629874,1004.9394599591052,69.42182121114696,0,0,0
1708733881.8162057,13.262421875000001,103715,39.50087467159186,1004.933897362151,69.4684436017367,0,0,0
1708733882.8274992,13.2661328125,103459,39.506940541945156,1004.9245971879925,69.54639261583195,0,0,0
1708733883.8387818,13.2719921875,103140,39.53030479099951,1004.9205247522144,69.58052574696136,0,0,0
1708733884.8501897,13.278437499999999,103459,39.56512291166436,1004.934499759782,69.4633946517575,0,0,0
1708733885.861478,13.287226562499999,103973,39.822529652394266,1004.9488963441987,69.34273150235538,0,0,0
1708733886.8728335,13.304804687499999,104492,40.224190155534,1004.9793985467364,69.08708577801916,0,0,0
1708733887.8844254,13.334296875,104426,40.221474815930804,1004.9747307270284,69.12620740308125,0,0,0
1708733888.8959424,13.3753125,105280,40.128436446550076,1004.9684243806328,69.17906197444972,0,0,0
1708733889.9072297,13.418867187499998,105678,39.45395577848524,1004.9662682722076,69.19713275077378,0,0,0
1708733890.9187412,13.4563671875,105879,39.42356617204974,1004.9695710650465,69.16945139562135,0,0,0
1708733891.9303176,13.489765625,106013,39.29036134296037,1004.9798258721335,69.08350431372243,0,0,0
1708733892.9418416,13.5188671875,105946,39.22503778277486,1004.9779118229758,69.09954619393955,0,0,0
1708733893.9534147,13.548554687500001,106013,39.250752398623305,1004.9940484451845,68.96430396337662,0,0,0
1708733894.9649627,13.5805859375,105745,39.52716676947571,1004.9986343705157,68.92586930304054,0,0,0
1708733895.976544,13.61671875,105346,39.70751931155,1005.0236099913687,68.71655100766594,0,0,0
1708733896.9881513,13.661054687499998,105280,39.71770781137031,1005.0483367000213,68.50932297072642,0,0,0
1708733897.9988549,13.7065625,105479,39.65957244101365,1005.0578777042542,68.42936342926997,0,0,0
1708733899.0099595,13.754804687499998,105745,39.641640337788154,1005.0564974734957,68.44093058227395,0,0,0
1708733900.021518,13.805585937499998,105280,39.40743652464347,1005.0643943083217,68.3747505929234,0,0,0
1708733901.0330884,13.857148437500001,104884,39.25894469335954,1005.059877402079,68.4126047973815,0,0,0
1708733902.044453,13.912812500000001,105346,39.39545876080887,1005.0757461214264,68.27961664850181,0,0,0
1708733903.0559516,13.96828125,105346,39.497899456786335,1005.0895735479285,68.16373698500986,0,0,0
1708733904.0669339,14.025507812499999,105745,39.30432732393103,1005.0823162686456,68.22455588399079,0,0,0
1708733905.078533,14.082148437499999,105479,39.38975253582313,1005.0894825075754,68.16449993732815,0,0,0
1708733906.0900736,14.140546874999998,105812,39.09970999258798,1005.0824019892738,68.22383750881033,0,0,0
1708733907.1018002,14.206953124999998,106013,39.089318751670106,1005.0849873772045,68.2021708860583,0,0,0
1708733908.1133423,14.281367187499999,106147,38.914923322706414,1005.0955232412966,68.11387644350016,0,0,0
1708733909.124682,14.356171875000001,105879,38.92809654972444,1005.1032529192628,68.04909935640295,0,0,0
1708733910.1359365,14.431757812499999,105745,38.85046594044835,1005.1207970739913,67.90207542155869,0,0,0
1708733911.14738,14.51125,105745,38.937967558789516,1005.1429986711132,67.71602405781626,0,0,0
1708733912.1589246,14.590742187499998,105946,38.64500076396481,1005.1343570067892,67.78844157995977,0,0,0
1708733913.1704786,14.6721875,105412,38.44334805861815,1005.1186050944841,67.92044458578428,0,0,0
1708733914.1820064,14.761640624999998,105879,38.37293229592025,1005.1193419859618,67.9142693051924,0,0,0
1708733915.1935809,14.856562499999999,106484,38.29741734118225,1005.132412804202,67.80473415150057,0,0,0
1708733916.2052474,14.956171874999999,106013,38.43196597969803,1005.1668183093042,67.51641706565105,0,0,0
1708733917.2167776,15.060273437500001,106484,38.28369535364543,1005.196540973773,67.2673484750633,0,0,0
1708733918.228256,15.167109374999999,106080,38.249021498719934,1005.2067025949696,67.18219796589153,0,0,0
1708733919.2388585,15.277460937499999,105280,37.85836054714163,1005.1951386433725,67.27909952358597,0,0,0
1708733920.2500396,15.3938671875,105879,37.74559550789712,1005.1865551039115,67.3510269340958,0,0,0
1708733921.2618842,15.5159375,106147,37.56573554108252,1005.1854497591041,67.36028941845079,0,0,0
1708733922.2734067,15.633125,105545,37.58291664789086,1005.184874947957,67.36510618044355,0,0,0
1708733923.2849016,15.753046874999999,105280,37.65119205180698,1005.2212976403347,67.0598982728907,0,0,0
1708733924.2962277,15.879609375000001,105479,37.26324333905778,1005.2342047294057,66.95174406664779,0,0,0
1708733925.3076375,16.0032421875,105479,36.982665156318916,1005.2542727382996,66.78358758018447,0,0,0
